kokoro_generated_001|Welcome everyone, and thank you for joining me for this presentation today.|Welcome everyone, and thank you for joining me for this presentation today.
kokoro_generated_002|We are going to explore some fascinating developments in the world of artificial intelligence.|We are going to explore some fascinating developments in the world of artificial intelligence.
kokoro_generated_003|Specifically, I want to focus on how machine learning models can understand and generate human speech.|Specifically, I want to focus on how machine learning models can understand and generate human speech.
kokoro_generated_004|Building a high-quality voice model requires a clean dataset and consistent articulation.|Building a high-quality voice model requires a clean dataset and consistent articulation.
kokoro_generated_005|When a neural network learns a voice, it analyzes the unique frequencies and cadence of the speaker.|When a neural network learns a voice, it analyzes the unique frequencies and cadence of the speaker.
kokoro_generated_006|The goal is not just to sound robotic, but to capture the natural emotion and flow of a real human being.|The goal is not just to sound robotic, but to capture the natural emotion and flow of a real human being.
kokoro_generated_007|As you can hear, a well-trained model handles pacing and breathing pauses incredibly well.|As you can hear, a well-trained model handles pacing and breathing pauses incredibly well.
kokoro_generated_008|We have moved far beyond the rigid, computer-generated voices of the past decade.|We have moved far beyond the rigid, computer-generated voices of the past decade.
kokoro_generated_009|This technology opens up incredible possibilities for accessibility, content creation, and education.|This technology opens up incredible possibilities for accessibility, content creation, and education.
kokoro_generated_010|I am very excited to show you the technical architecture working behind the scenes.|I am very excited to show you the technical architecture working behind the scenes.
kokoro_generated_011|To train this model, we provided it with about fifteen minutes of high-quality audio data.|To train this model, we provided it with about fifteen minutes of high-quality audio data.
kokoro_generated_012|The graphics processing unit handled the complex mathematical calculations required for training.|The graphics processing unit handled the complex mathematical calculations required for training.
kokoro_generated_013|Notice how the model naturally adjusts its tone at the end of a question?|Notice how the model naturally adjusts its tone at the end of a question?
kokoro_generated_014|It is truly remarkable how quickly these open-source algorithms are evolving right now.|It is truly remarkable how quickly these open-source algorithms are evolving right now.
kokoro_generated_015|I appreciate your time today, and I would be happy to answer any questions you might have.|I appreciate your time today, and I would be happy to answer any questions you might have.
kokoro_generated_016|Now that we understand the basics, let's dive into a real-world demonstration.|Now that we understand the basics, let's dive into a real-world demonstration.
kokoro_generated_017|A common question I get asked is how long it actually takes to train these networks.|A common question I get asked is how long it actually takes to train these networks.
kokoro_generated_018|It really depends on the complexity of the data and the hardware you are running it on.|It really depends on the complexity of the data and the hardware you are running it on.
kokoro_generated_019|Notice how the pitch of my voice changes slightly when I emphasize certain keywords.|Notice how the pitch of my voice changes slightly when I emphasize certain keywords.
kokoro_generated_020|This subtle variation is exactly what separates a good model from a truly great one.|This subtle variation is exactly what separates a good model from a truly great one.
kokoro_generated_021|Let me give you a practical example of how this can be implemented in a business setting.|Let me give you a practical example of how this can be implemented in a business setting.
kokoro_generated_022|You can integrate this API directly into your customer support pipeline with minimal effort.|You can integrate this API directly into your customer support pipeline with minimal effort.
kokoro_generated_023|We are standing at the edge of a major shift in how humans interact with computers.|We are standing at the edge of a major shift in how humans interact with computers.
kokoro_generated_024|I want to pause here for a moment to ensure everyone is following the logic.|I want to pause here for a moment to ensure everyone is following the logic.
kokoro_generated_025|Please feel free to interrupt me if anything on this slide is unclear.|Please feel free to interrupt me if anything on this slide is unclear.
kokoro_generated_026|If you look at the chart on the screen, you will see a massive spike in efficiency.|If you look at the chart on the screen, you will see a massive spike in efficiency.
kokoro_generated_027|Behind the scenes, the algorithm is constantly adjusting its weights to minimize the error rate.|Behind the scenes, the algorithm is constantly adjusting its weights to minimize the error rate.
kokoro_generated_028|What you are hearing right now is the culmination of hundreds of hours of research.|What you are hearing right now is the culmination of hundreds of hours of research.
kokoro_generated_029|Thank you for your attention, I really appreciate the fantastic questions you have asked today.|Thank you for your attention, I really appreciate the fantastic questions you have asked today.
kokoro_generated_030|In conclusion, the future of generative media is moving faster than anyone predicted.|In conclusion, the future of generative media is moving faster than anyone predicted.
kokoro_generated_031|Let's transition to the next topic, which focuses on data privacy and security.|Let's transition to the next topic, which focuses on data privacy and security.
kokoro_generated_032|Ensuring that our training data is ethically sourced is a top priority for the engineering team.|Ensuring that our training data is ethically sourced is a top priority for the engineering team.
kokoro_generated_033|Have you ever wondered how your smart home devices instantly recognize your commands?|Have you ever wondered how your smart home devices instantly recognize your commands?
kokoro_generated_034|It relies on a process called acoustic feature extraction to translate sound waves into math.|It relies on a process called acoustic feature extraction to translate sound waves into math.
kokoro_generated_035|Let me share a brief story about how we discovered this specific optimization technique.|Let me share a brief story about how we discovered this specific optimization technique.
kokoro_generated_036|The original prototype was actually quite slow, taking several seconds to process a single query.|The original prototype was actually quite slow, taking several seconds to process a single query.
kokoro_generated_037|By leveraging the advanced tensor cores on modern graphics cards, we solved the bottleneck completely.|By leveraging the advanced tensor cores on modern graphics cards, we solved the bottleneck completely.
kokoro_generated_038|I strongly believe that artificial intelligence should augment human creativity, not replace it.|I strongly believe that artificial intelligence should augment human creativity, not replace it.
kokoro_generated_039|Let us take a step back and look at the broader architectural diagram of the system.|Let us take a step back and look at the broader architectural diagram of the system.
kokoro_generated_040|The database cluster handles thousands of concurrent connections without any noticeable latency.|The database cluster handles thousands of concurrent connections without any noticeable latency.
kokoro_generated_041|Before we wrap up today's session, I have one more exciting feature to demonstrate for you.|Before we wrap up today's session, I have one more exciting feature to demonstrate for you.
kokoro_generated_042|This framework allows developers to build scalable applications with just a few lines of Python code.|This framework allows developers to build scalable applications with just a few lines of Python code.
kokoro_generated_043|You might be wondering, what happens if the server suddenly loses its internet connection?|You might be wondering, what happens if the server suddenly loses its internet connection?
kokoro_generated_044|The system is designed to seamlessly fall back to local processing to prevent any data loss.|The system is designed to seamlessly fall back to local processing to prevent any data loss.
kokoro_generated_045|I hope this walkthrough has given you a clearer picture of what is possible with modern technology.|I hope this walkthrough has given you a clearer picture of what is possible with modern technology.
kokoro_generated_046|Moving on to the next slide, you will notice a sharp upward trend in user engagement.|Moving on to the next slide, you will notice a sharp upward trend in user engagement.
kokoro_generated_047|We faced several unexpected challenges during the initial deployment phase last November.|We faced several unexpected challenges during the initial deployment phase last November.
kokoro_generated_048|It is absolutely crucial to maintain strict backward compatibility with our legacy APIs.|It is absolutely crucial to maintain strict backward compatibility with our legacy APIs.
kokoro_generated_049|The neural network algorithm requires massive amounts of high-quality, annotated training data.|The neural network algorithm requires massive amounts of high-quality, annotated training data.
kokoro_generated_050|By caching the results locally, we effectively eliminated the need for repetitive network requests.|By caching the results locally, we effectively eliminated the need for repetitive network requests.
kokoro_generated_051|Security is not an afterthought; it is baked directly into the foundational layer of our platform.|Security is not an afterthought; it is baked directly into the foundational layer of our platform.
kokoro_generated_052|I want to highlight this specific metric, as it perfectly illustrates our core value proposition.|I want to highlight this specific metric, as it perfectly illustrates our core value proposition.
kokoro_generated_053|The transition from monolithic architecture to microservices drastically improved our deployment speed.|The transition from monolithic architecture to microservices drastically improved our deployment speed.
kokoro_generated_054|I would like to pause here for a moment and see if anyone has questions about the workflow.|I would like to pause here for a moment and see if anyone has questions about the workflow.
kokoro_generated_055|Fortunately, the open-source community has already provided robust solutions for this exact problem.|Fortunately, the open-source community has already provided robust solutions for this exact problem.
kokoro_generated_056|The overarching goal of this project is to democratize access to high-performance computing resources.|The overarching goal of this project is to democratize access to high-performance computing resources.
kokoro_generated_057|We implemented a sophisticated load balancer to evenly distribute traffic across all regional servers.|We implemented a sophisticated load balancer to evenly distribute traffic across all regional servers.
kokoro_generated_058|This specific module handles encryption and decryption entirely on the client's device for privacy.|This specific module handles encryption and decryption entirely on the client's device for privacy.
kokoro_generated_059|From a design perspective, we chose a minimalist interface to reduce cognitive load on the user.|From a design perspective, we chose a minimalist interface to reduce cognitive load on the user.
kokoro_generated_060|Looking ahead, our roadmap includes deeper integration with third-party analytics dashboards.|Looking ahead, our roadmap includes deeper integration with third-party analytics dashboards.
kokoro_generated_061|The continuous integration pipeline runs automatically every time a developer commits new code.|The continuous integration pipeline runs automatically every time a developer commits new code.
kokoro_generated_062|We utilized a combination of heuristic algorithms and deep learning models to predict anomalies.|We utilized a combination of heuristic algorithms and deep learning models to predict anomalies.
kokoro_generated_063|It was immediately apparent that our previous infrastructure simply could not scale fast enough.|It was immediately apparent that our previous infrastructure simply could not scale fast enough.
kokoro_generated_064|This brings me to the most exciting part of the presentation: the live interactive demo.|This brings me to the most exciting part of the presentation: the live interactive demo.
kokoro_generated_065|The sheer volume of telemetry data generated required a complete overhaul of our storage strategy.|The sheer volume of telemetry data generated required a complete overhaul of our storage strategy.
kokoro_generated_066|I urge you all to review the documentation carefully before migrating your existing databases.|I urge you all to review the documentation carefully before migrating your existing databases.
kokoro_generated_067|Let's analyze a real-world case study where this exact methodology was applied successfully.|Let's analyze a real-world case study where this exact methodology was applied successfully.
kokoro_generated_068|The initial compilation process takes a few minutes, but subsequent builds are nearly instantaneous.|The initial compilation process takes a few minutes, but subsequent builds are nearly instantaneous.
kokoro_generated_069|We are constantly monitoring latency metrics to ensure a seamless experience for global users.|We are constantly monitoring latency metrics to ensure a seamless experience for global users.
kokoro_generated_070|It turns out that a simple tweak to the index structure resulted in a massive performance gain.|It turns out that a simple tweak to the index structure resulted in a massive performance gain.
kokoro_generated_071|Our philosophy is that powerful developer tools should not require a steep learning curve.|Our philosophy is that powerful developer tools should not require a steep learning curve.
kokoro_generated_072|To fully grasp this concept, imagine a vast highway system where the data packets are vehicles.|To fully grasp this concept, imagine a vast highway system where the data packets are vehicles.
kokoro_generated_073|The underlying cryptographic protocols guarantee that the information remains perfectly secure.|The underlying cryptographic protocols guarantee that the information remains perfectly secure.
kokoro_generated_074|We are thrilled to announce that this highly requested feature is finally moving out of beta.|We are thrilled to announce that this highly requested feature is finally moving out of beta.
kokoro_generated_075|Let me quickly address the elephant in the room regarding the recent pricing structure changes.|Let me quickly address the elephant in the room regarding the recent pricing structure changes.
kokoro_generated_076|The dashboard provides a comprehensive overview of your entire ecosystem in a single unified view.|The dashboard provides a comprehensive overview of your entire ecosystem in a single unified view.
kokoro_generated_077|Because the system is entirely asynchronous, it never blocks the main rendering thread on the browser.|Because the system is entirely asynchronous, it never blocks the main rendering thread on the browser.
kokoro_generated_078|I have personally tested this configuration across multiple operating systems with flawless results.|I have personally tested this configuration across multiple operating systems with flawless results.
kokoro_generated_079|Our dedicated support team works around the clock to ensure maximum uptime for enterprise clients.|Our dedicated support team works around the clock to ensure maximum uptime for enterprise clients.
kokoro_generated_080|We expect a formal release candidate to be ready for external testing by the end of the quarter.|We expect a formal release candidate to be ready for external testing by the end of the quarter.
kokoro_generated_081|The beauty of this framework lies in its incredible flexibility and modular component architecture.|The beauty of this framework lies in its incredible flexibility and modular component architecture.
kokoro_generated_082|If you navigate to the settings panel, you can easily toggle between light and dark visual modes.|If you navigate to the settings panel, you can easily toggle between light and dark visual modes.
kokoro_generated_083|The experimental results clearly demonstrate the superiority of the newly proposed optimization technique.|The experimental results clearly demonstrate the superiority of the newly proposed optimization technique.
kokoro_generated_084|Our primary objective is to empower creators by giving them the tools they need to succeed effortlessly.|Our primary objective is to empower creators by giving them the tools they need to succeed effortlessly.
kokoro_generated_085|The sheer complexity of the underlying mathematics is cleverly hidden behind a simple interface.|The sheer complexity of the underlying mathematics is cleverly hidden behind a simple interface.
kokoro_generated_086|As you can clearly see on this chart, the adoption rate skyrocketed after the latest major update.|As you can clearly see on this chart, the adoption rate skyrocketed after the latest major update.
kokoro_generated_087|We aggressively optimized the memory footprint to ensure it runs smoothly even on older hardware.|We aggressively optimized the memory footprint to ensure it runs smoothly even on older hardware.
kokoro_generated_088|I sincerely appreciate your time today, and I look forward to hearing your valuable feedback.|I sincerely appreciate your time today, and I look forward to hearing your valuable feedback.
kokoro_generated_089|The automated diagnostic tools immediately flagged the critical vulnerability in the authentication logic.|The automated diagnostic tools immediately flagged the critical vulnerability in the authentication logic.
kokoro_generated_090|Our strategic partnerships have enabled us to expand our global reach at an unprecedented pace.|Our strategic partnerships have enabled us to expand our global reach at an unprecedented pace.
kokoro_generated_091|The migration script seamlessly transfers all legacy records without requiring any manual intervention.|The migration script seamlessly transfers all legacy records without requiring any manual intervention.
kokoro_generated_092|We chose Python for its incredible readability and its massive ecosystem of data science libraries.|We chose Python for its incredible readability and its massive ecosystem of data science libraries.
kokoro_generated_093|The user feedback from our closed alpha testing phase has been overwhelmingly positive and constructive.|The user feedback from our closed alpha testing phase has been overwhelmingly positive and constructive.
kokoro_generated_094|It is imperative that we standardize our testing procedures to maintain a high level of code quality.|It is imperative that we standardize our testing procedures to maintain a high level of code quality.
kokoro_generated_095|I will make sure to share the presentation slides and the source code repository with everyone later.|I will make sure to share the presentation slides and the source code repository with everyone later.
kokoro_generated_096|The hardware acceleration completely removes the rendering bottleneck we were experiencing earlier.|The hardware acceleration completely removes the rendering bottleneck we were experiencing earlier.
kokoro_generated_097|This specific mathematical equation is the absolute backbone of our entire predictive modeling engine.|This specific mathematical equation is the absolute backbone of our entire predictive modeling engine.
kokoro_generated_098|We have intentionally engineered the platform to be easily extensible for future plugin development.|We have intentionally engineered the platform to be easily extensible for future plugin development.
kokoro_generated_099|The synchronization process happens entirely in the background, without disrupting your workflow.|The synchronization process happens entirely in the background, without disrupting your workflow.
kokoro_generated_100|Thank you all so much for joining me today; it has been a genuine pleasure sharing this with you.|Thank you all so much for joining me today; it has been a genuine pleasure sharing this with you.